,actor_id,text,label,cmp_code
0,gruene,Den wirtschaftlichen Aufbruch nach der Corona-Krise und die ökologische Modernisierung wollen wir zusammenbringen.,1.0,416.2
1,gruene,Dazu braucht es eine sozialökologische Neubegründung unserer Marktwirtschaft.,1.0,416.2
2,gruene,"Nach der Pandemie wollen wir kein Zurück zum unbegrenzten Wachstum des Luftverkehrs, sondern diesen am Ziel der Klimaneutralität ausrichten.",1.0,416.1
3,gruene,"Wir wollen die regionale Erzeugung, Verarbeitung und Vermarktung stärken und so dem Betriebesterben der letzten Jahre entgegentreten.",1.0,402.0
4,gruene,"Die Covid-19-Pandemie hat deutlich gemacht, dass die Gesundheit von Umwelt, Tier und Mensch zusammengedacht werden und dieser Planetary-Health-Ansatz zum Prinzip unseres Handelns werden muss.",1.0,501.0
5,gruene,Dem gilt es überall auf der Welt entgegenzuwirken.,1.0,501.0
6,gruene,"Wildtiere gehören in die Wildnis, der Handel mit ihnen muss strenger reguliert, existierende Regularien müssen konsequent umgesetzt werden.",1.0,501.0
7,gruene,Die Tierhaltung ist deshalb auch an den Notwendigkeiten zur Eindämmung möglicher Zoonosen auszurichten.,1.0,501.0
8,gruene,"Das Beste, was die Politik dazu beitragen kann, ist, das zu tun, was sie die letzten zehn Jahre sträflich versäumt hat: in unsere gemeinsame Zukunft zu investieren.",1.0,409.0
9,gruene,- und zugleich ein Signal für den Richtungswechsel zur Klimaneutralität setzen.,1.0,501.0
10,gruene,"Hierfür dehnen wir vor allem für kleine und mittlere Unternehmen den steuerlichen Verlustrücktrag aus, führen attraktive und zeitlich begrenzte Abschreibungsbedingungen ein und helfen kleinen und mittleren Unternehmen, sich mit vereinfachten Restrukturierungsverfahren leichter neu aufzustellen, ohne Insolvenz anmelden zu müssen.",1.0,409.0
11,gruene,"Falls Coronahilfen zurückgezahlt werden müssen, benötigen die Unternehmen großzügige Konditionen.",1.0,409.0
12,gruene,Die Kunst- und Kulturbranche wollen wir unter anderem durch eine abgestimmte Kulturförderpolitik stärken und eine zweite Gründungschance.,1.0,502.0
13,gruene,"Für neue Hilfen muss gelten: Firmen, die Staatshilfen erhalten, dürfen keine Dividenden ausschütten.",1.0,409.0
14,gruene,"Zudem wollen wir die Entwicklung von Impfstoffen, Medikamenten und Medizinprodukten stärker fördern.",1.0,504.0
15,gruene,"Wenn sie mit einem erheblichen Anteil öffentlicher Gelder erforscht und entwickelt werden, sind an die Förderung klare Bedingungen bezüglich der Transparenz der Forschungskosten, fairer Preisgestaltung und weltweit gerechten Zugangsmöglichkeiten zu knüpfen.",1.0,403.0
16,gruene,und wir bauen die Gründungsförderung aus der Arbeitslosigkeit bedarfsgerecht aus.,1.0,504.0
17,gruene,"Eine Innovationskraft, die der Staat mit Tempo und entschlossenen Investitionen unterstützen muss.",1.0,402.0
18,gruene,Daher müssen alle Veränderungen im Steuerrecht mindestens aufkommensneutral sein.,1.0,416.2
19,gruene,"Dabei streben wir Lösungen an, die zusätzliche Anreize für Investitionen schaffen und die besondere Rolle und Verantwortung von mittelständischen und Familienunternehmen berücksichtigen.",1.0,402.0
20,gruene,Der Weg aus der Pandemie muss zu einem neuen sozialen Sicherheitsversprechen führen.,1.0,504.0
21,gruene,"Wir wollen Schritt für Schritt die sozialen Systeme so verändern, dass sie allen Menschen Sicherheit und Halt geben, auch in Zeiten persönlicher und gesellschaftlicher Umbrüche, und ihnen Teilhabe ermöglichen.",1.0,504.0
22,gruene,Deshalb braucht es ein branchenunabhängiges Mindestkurzarbeitergeld.,1.0,412.0
23,gruene,"Wir wollen die Beschäftigung weiter erhöhen und damit auch verhindern, dass Corona langfristige Spuren am Arbeitsmarkt hinterlässt.",1.0,701.0
24,gruene,"Die Möglichkeit zur Selbstbestimmung im Arbeitsleben wollen wir daher erhalten und stärken, indem wir ein Recht auf mobiles Arbeiten einführen – mit Blick auf betriebliche Möglichkeiten, aber auch mit strikten Schutzkriterien und starkem Einfluss der Interessenvertretungen versehen.",1.0,701.0
25,gruene,"Das mobile Arbeiten kann im Homeoffice oder im nahe gelegenen Co-Working- Space stattfinden, der Wechsel dorthin muss immer freiwillig stattfinden und mit einem Rückkehrrecht sowie mit ausreichend Zeit an einem Arbeitsplatz im Unternehmen verbunden sein.",1.0,701.0
26,gruene,Selbständige sollen damit neben dem Anspruch auf Arbeitslosengeld I auch einen Anspruch auf Kurzarbeitergeld in besonderen Notsituationen wie beispielsweise während einer Pandemie erhalten.,1.0,504.0
27,gruene,Das in der Corona-Krise eingeführte europäische Kurzarbeitsprogramm wollen wir verstetigen.,1.0,701.0
28,gruene,Zur Stabilisierung im Falle von Krisen setzen wir uns für die Einführung einer europäischen Arbeitslosenrückversicherung ein.,1.0,108.0
29,gruene,Deshalb stoßen wir eine umfassende Analyse des Pandemiemanagements an.,1.0,504.0
30,gruene,"Spätestens jetzt ist der Moment, längst überfälligen Wandel einzuleiten, beispielsweise die Krankenhaus- und Notfallversorgung zu reformieren und die Digitalisierung, insbesondere in den Gesundheitsämtern, beherzt voranzutreiben.",1.0,504.0
31,gruene,"Um Pandemien zukünftig effektiv und nachvollziehbar zu bekämpfen, sollen Stufen zur Eindämmung von Pandemien im Infektionsschutzgesetz definiert, Pandemieschutzpläne aktualisiert und soll ein unabhängiger und interdisziplinärer Pandemierat eingerichtet werden.",1.0,504.0
32,gruene,Getroffene Maßnahmen müssen evidenzbasiert und verhältnismäßig sein.,1.0,202.1
33,gruene,"Mit einer klaren Kommunikationsstrategie sollen den Bürger*innen Datengrundlagen, Entscheidungsgründe und -wege transparent gemacht werden.",1.0,202.1
34,gruene,"Wir investieren in Gesundheitsforschung, zum Beispiel bei Medikamenten, Impfstoffen oder der Entwicklung neuer Testverfahren.",1.0,411.0
35,gruene,"Auch die Produktion von Medikamenten und Medizinprodukten soll – in europäischer Kooperation – vorangetrieben werden, die Versorgung, zum Beispiel mit Atemschutzmasken, durch eigene Produktionsstandorte sichergestellt werden.",1.0,504.0
36,gruene,Die Universitätsmedizin werden wir angesichts ihrer wichtigen Rolle in der Pandemiebekämpfung weiter stärken – von der Spitzenforschung über die Vernetzung bei Daten und Digitalisierung bis zur Versorgung per Telemedizin im ländlichen Raum.,1.0,411.0
37,gruene,"Daher setzen wir uns für den zügigen Aufbau von HERA ein, einer EU-Behörde, die künftig staatliche und privatwirtschaftliche Aktivitäten besser koordinieren soll.",1.0,108.0
38,gruene,Das Europäische Zentrum für die Prävention und Kontrolle von Krankheiten wollen wir stärken und uns für eine engere Kooperation mit nationalen Gesundheitsbehörden einsetzen.,1.0,108.0
39,gruene,"Ob der Besuch der mobilen Zahnärzt*innen in der Schule oder die Impfaktion im Pflegeheim – für Gesundheitsförderung, die Menschen unkompliziert erreicht, braucht es eine Stärkung des Öffentlichen Gesundheitsdienstes.",1.0,504.0
40,gruene,"Unser Ziel ist es, im Zusammenspiel zwischen den Gesundheitsdiensten der Länder und Kommunen, Strukturen der öffentlichen Gesundheitsfürsorge an Universitäten und Hochschulen und einem neu zu schaffenden Bundesinstitut für Gesundheit gemeinsam eine starke Säule der öffentlichen Gesundheitsfürsorge aufzubauen.",1.0,504.0
41,gruene,"Das Institut soll gemeinsame, langfristige Gesundheitsziele entwickeln, zur Funktionsfähigkeit des Gesundheitswesens berichten, die Qualität und Koordination der Gesundheitsdienste sichern und als zentrales Public-Health-Organ durch die Bündelung bestehender Strukturen des Bundes zur Verbesserung der Gesundheitsversorgung beitragen.",1.0,504.0
42,gruene,Diese Arbeitsbedingungen wollen wir verbessern.,1.0,701.0
43,gruene,"Dafür braucht es nicht nur mehr Lohn, Arbeitsschutz und Anerkennung – sondern vor allem mehr Kolleg*innen und mehr Zeit.",1.0,701.0
44,gruene,Wir wollen die Gemeindefinanzen besser und krisenfester aufstellen.,1.0,301.0
45,gruene,"Wenn Bund und Länder den Kommunen neue Aufgaben zuweisen, müssen sie auch eine Finanzierung bereitstellen.",1.0,301.0
46,gruene,"Wir werden eine faire Unterstützung bei den kommunalen Altschulden und bei gemeindlichen krisenbedingten Steuerausfällen umsetzen, um auch hoch verschuldeten Kommunen wieder eine Perspektive zu geben.",1.0,301.0
47,gruene,"Für ihr Schuldenmanagement sollen die Kommunen auf die Unterstützung des Bundes zurückgreifen können, sofern sie dies wünschen.",1.0,301.0
48,gruene,"Wir wollen daher, dass für 2021 und 2022 die Gewerbesteuerausfälle vollständig durch Bund und Länder übernommen werden.",1.0,301.0
49,gruene,"Die Kinder und Jugendlichen, die am stärksten von der Krise getroffen wurden, benötigen daher die meiste Unterstützung.",1.0,503.0
50,gruene,"Alle Studierenden, die durch die Pandemie in finanzielle Schwierigkeiten geraten sind, sollen im Rahmen einer Nothilfe über das BAföG Unterstützung erhalten.",1.0,506.0
51,gruene,"Damit Innovationen der Allgemeinheit zugutekommen, muss für die Entwicklung auch öffentliche Infrastruktur zur Verfügung stehen.",1.0,411.0
52,gruene,"Sie brauchen für ihre Arbeit optimale und verlässliche Bedingungen,",1.0,411.0
53,gruene,"Nötig ist ein verständlicher und interdisziplinärer Wissenschaftsdialog, der Wissenschaft und Gesellschaft näher zusammenbringt – durch partizipative Formate und Förderung der Wissenschaftskommunikation.",1.0,411.0
54,gruene,Wir wollen die Kinder und Jugendlichen in den Mittelpunkt rücken.,1.0,706.0
55,gruene,"Dafür bauen wir Sport-, Erlebnis-, und Kulturangebote aus und stärken die Beratung und Einzelfallhilfe für Schüler*innen sowie die Vermittlung von Wissen zur psychischen Gesundheit und zu Krisen an Schulen.",1.0,504.0
56,gruene,"Mit Mentor*innen, Bildungslots*innen, Schulsozialarbeiter*innen und Psycholog*innen knüpfen wir ein sicheres Netz an breiter Unterstützung, um die psychische Gesundheit von unseren Kindern und Jugendlichen nachhaltig besser zu schützen.",1.0,504.0
57,gruene,"Jedes zusätzliche Angebot für die Krisenbewältigung soll die Qualität an KiTas, Horten und Ganztagsschulen langfristig voranbringen.",1.0,504.0
58,gruene,"Das wollen wir ändern: mit einer zeitgemäßen, datenschutzfreundlichen digitalen Ausstattung und mit Strukturen, die die Schulen beim digitalen Lehren und Lernen wirkungsvoll unterstützen – mit kontinuierlichen Fort- und Weiterbildungsangeboten für das pädagogische Fachpersonal sowie einem zentralen Ort der Beratung und des Austauschs zur Bildung in einer digitalen Welt.",1.0,506.0
59,gruene,Wir treten daher für einen individuellen Rechtsanspruch auf Weiterbildung und Qualifizierung ein.,1.0,411.0
60,gruene,"Die großen Herausforderungen unserer Zeit wie die Klimakrise, Pandemien oder auch eine effizientere Nutzung von Rohstoffen können wir nur mit der Hilfe von innovativen Lösungen und Fortschritt bewältigen.",1.0,411.0
61,gruene,"Unser Ziel ist ein moderner, engagierter Staat, der mit einer effizienten, zugänglichen Verwaltung transparent, offen und in der Lage ist, Krisen effektiv zu managen, digitale Teilhabe zu sichern und es den Bürger*innen insgesamt leicht macht, ihren Alltag zu bewältigen und ihre Rechte in Anspruch zu nehmen.",1.0,303.0
62,gruene,"Wir wollen das ändern und zeitnah Daten der Forschung, den politischen Entscheidungsträger*innen und der Zivilgesellschaft zur Verfügung stellen.",1.0,411.0
63,gruene,"Wir richten ein öffentliches Dateninstitut mit einem gesetzlichen Forschungsauftrag ein, um Grundsatzfragen zur besseren Verfügbarmachung oder Anonymisierung von Daten zu behandeln und die Vernetzung, Entwicklung von Standards und Lizenzmodellen voranzutreiben.",1.0,411.0
64,gruene,"Ziel ist es, die Forschung in dem Bereich zu verbreitern, neue Ansätze zu testen, den Austausch zwischen verschiedenen Projekten zu befördern und beratend bei der Zusammenführung von Daten zu unterstützen, damit soll auch Missbrauch verhindert und Schlichtungen sollen begleitet werden.",1.0,411.0
65,gruene,"Es braucht einen Paradigmenwechsel hin zu gemeinsamen Standards statt abgeschotteter Datensilos und zum Beispiel die Möglichkeit, über Datentreuhandmodelle einfaches und datenschutzfreundliches Datenteilen zu ermöglichen.",1.0,403.0
66,gruene,"Das Statistische Bundesamt stärken wir ebenfalls, um die Datenverfügbarkeit für Politik, Öffentlichkeit und die Forschung zu verbessern und die Daten zeitnäher zur Verfügung zu stellen.",1.0,303.0
67,gruene,"Antisemitische Narrative, israelbezogener Antisemitismus und verschwörungsideologische Erzählungen – auch im Zusammenhang mit Demonstrationen von Pandemieleugner*innen – müssen an unterschiedlichsten Orten präventiv adressiert werden, auch und gerade im digitalen Raum.",1.0,503.0
68,gruene,"Ein pandemiebedingter Verlust von Arbeits-, Ausbildungs- oder Studienplätzen darf nicht zu aufenthaltsrechtlichen Nachteilen führen.",1.0,602.2
69,gruene,"In Länder, für die das Auswärtige Amt aufgrund von Covid-19 eine Reisewarnung ausgesprochen hat, darf nicht abgeschoben werden.",1.0,201.2
70,gruene,"Wir wollen, dass sich der Bund hier stärker engagiert und das Bundesamt für Bevölkerungsschutz und Katastrophenhilfe mehr Kompetenzen bekommt.",1.0,302.0
71,gruene,"Außerdem setzen wir uns für eine Stärkung des gesundheitlichen Bevölkerungsschutzes ein, um die interdisziplinäre Bekämpfung von zukünftigen Pandemien sicherzustellen.",1.0,504.0
72,gruene,"Wir wollen, dass die Kulturlandschaft nach der Pandemie mit ihren monatelangen Schließungen zu neuer Lebendigkeit, Vielfalt und Reichhaltigkeit findet und Kultur und kulturelle Bildung endlich selbstverständlicher Teil der Daseinsvorsorge werden.",1.0,502.0
73,gruene,Deswegen wollen wir Kultur als Staatsziel im Grundgesetz verankern.,1.0,204.0
74,gruene,"Für eine vielfältige Kulturlandschaft braucht es eine Absicherung, die Freiräume bietet und künstlerisches und kreatives Schaffen ermöglicht.",1.0,502.0
75,gruene,"Wir setzen uns für gute Arbeits- und Ausbildungsbedingungen und faire Bezahlung ein, damit an privaten und insbesondere öffentlichen Kulturinstitutionen prekäre Arbeitsverhältnisse überwunden werden.",1.0,502.0
76,gruene,Solo-Selbständige und Kulturschaffende sollen für die Zeit der Corona-Krise mit einem Existenzgeld von 1.200 Euro im Monat abgesichert werden.,1.0,504.0
77,gruene,Armutsbekämpfung und gerechte Teilhabe sind zentrale Ziele unseres internationalen Engagements.,1.0,503.0
78,gruene,"Wir unterstützen Länder dabei, eine sozialorientierte Wirtschafts- und Steuerpolitik zu verfolgen.",1.0,107.0
79,gruene,Zum Schutz vor neuen und zur Bekämpfung der alten Krankheiten setzen wir auf verstärkte internationale Zusammenarbeit und Solidarität unter dem Dach der zu reformierenden Weltgesundheitsorganisation als Sonderorganisation der Vereinten Nationen.,1.0,107.0
80,gruene,Dazu wollen wir sie mit deutlich höheren Beiträgen und einem klaren Mandat befähigen.,1.0,107.0
81,gruene,Ihre zentrale Rolle in der Pandemievorsorge und -bekämpfung wollen wir weiter stärken.,1.0,107.0
82,gruene,"In den G20 werden wir uns dafür einsetzen, ihr einen formellen Sitz einzuräumen.",1.0,107.0
83,gruene,"Mit Blick auf die Bekämpfung der Corona-Pandemie hat Priorität, dass noch in diesem Jahr die bestehenden Kapazitäten zur Produktion von Covid-19-Impfstoffen erhöht",1.0,504.0
84,gruene,"Die Gewährleistung offener, fairer und flexibler globaler Lieferketten ist dafür genauso Voraussetzung wie die Aufhebung weltweiter Exportrestriktionen für Covid-19- Impfstoffe.",1.0,107.0
85,gruene,"Wo freiwillige Produktionspartnerschaften nicht ausreichen, unterstützen wir Anträge auf Erteilung von verpflichtenden Lizenzen für Covid-Impfstoffe gegen Entschädigungen und bringen uns in diesem Sinne bei der WTO für eine temporäre Aussetzung von Patenten für Technologien zur Bekämpfung von Covid-19 in die Verhandlungen ein.",1.0,504.0
86,gruene,"Monopole auf geistiges Eigentum zur Bekämpfung von Krankheiten dürfen den Zugang zu überlebenswichtigen Schutzmaterialien, Impfstoffen und Arzneimitteln nicht versperren.",1.0,403.0
87,gruene,Unser Ziel bleibt langfristig der Aufbau eines kooperativen Weltwährungssystems.,1.0,107.0
88,gruene,"Wir wollen unsere Verwaltung modernisieren, sie kreativer, digitaler und innovativer machen und besser ausstatten.",1.0,303.0
89,gruene,"Weil sozial-ökologische Transformation und Digitalisierung, die Modernisierung des Staates und des öffentlichen Dienstes nur als Gemeinschaftsprojekte gelingen, wollen wir einen Konvent auf den Weg bringen, um aufbauend auf den Lehren aus der Pandemie das Zusammenspiel von Bund, Ländern und Kommunen neu und tiefgreifend zu justieren.",1.0,301.0
90,linke,Wir wollen die Gesellschaft und die Demokratie krisensicherer machen.,1.0,202.1
91,linke,"All jene, die in den Krankenhäusern jetzt dafür einstehen, jeden Tag, Stunde um Stunde, dass nicht noch mehr Menschen der Pandemie zum Opfer fallen, brauchen bessere Arbeitszeiten, und sie brauchen mehr Lohn.",1.0,701.0
92,linke,"Wir wollen, dass die öffentliche Daseinsvorsorge und die Verwaltung in einem reichen Land auf Krisen wirklich vorbereitet sind.",1.0,504.0
93,linke,"Die Lizenzen für die Coronaimpfstoffe müssen freigegeben werden, damit die Impfstoffproduktion beschleunigt werden kann.",1.0,504.0
94,linke,"Wir wollen dafür sorgen, dass niemand im Monat weniger als1.200 Euro zur Verfügung hat.",1.0,504.0
95,linke,"Ungleichheit verringern: Neue soziale Sicherheit, ein Neustart aus der Pandemie heraus und ein klimagerechtes Umbauprogramm sollten gerecht finanziert werden.",1.0,503.0
96,linke,"Die Industriestruktur muss regionaler, krisenfester und unabhängiger vom Export werden.",1.0,406.0
97,linke,"Gerade in einer Pandemie sollte das Geld in Gesundheitsversorgung – auch international – und eine gerechtere Weltwirtschaft fließen,",1.0,504.0
98,linke,Wir wollen eine Krisenbewältigung mit mehr und nicht mit weniger Demokratie.,1.0,202.1
99,linke,Die parlamentarischen Rechte müssen gestärkt werden.,1.0,202.1
100,linke,"Alle Einschränkungen müssen demokratisch entschieden, kontrolliert, transparent und regelmäßig überprüft werden.",1.0,202.1
101,linke,Wir wollen zur Bewältigung der Krisenkosten eine Vermögensabgabe und Multimillionär*innen und Milliardär*innen gerecht besteuern.,1.0,503.0
102,linke,"Wenn Unternehmen in der Coronakrise riesige Wirtschaftshilfen bekommen und dann Beschäftigte entlassen oder die Standorte schließen, sagen wir Nein!",1.0,701.0
103,linke,"Wir wollen einen demokratischen Sozialstaat, der soziale Rechte gibt, das gesellschaftliche Leben durch soziale Dienstleis­tungen und öffentliche Infrastrukturen stärkt und für gute und planbare Erwerbsarbeit sorgt, die sicher ist und zum Leben passt.",1.0,504.0
104,linke,Zudem fordern wir für die Dauer der Coronapandemie einen pauschalen Mehrbedarfszuschlag von 100 Euro pro Monat für alle Bezieher*innen von Hartz IV und Grundsicherung.,1.0,504.0
105,linke,Wir wollen eine dauerhafte Verlängerung der Kinderkrankentage.,1.0,504.0
106,linke,DIE LINKE will eine finanzielle Stärkung des ÖGD und eine bessere Koordinierung.,1.0,504.0
107,linke,Pandemie- und Katastrophenschutzpläne müssen fortgeschrieben und auf kommunaler Ebene durch den ÖGD regelmäßig auf ihre Funktionalität überprüft werden.,1.0,504.0
108,linke,"Wir wollen, dass mit öffentlichen Mitteln geförderte Forschung im Rahmen des Equitable Licensing (der sozialverträglichen Patentverwertung) zu sozialen Konditionen an ärmere Länder und Generikaproduzenten abgegeben wird.",1.0,107.0
109,linke,"Daher schlagen wir den Aufbau einer öffentlichen Impfstoffproduktion (im Sinne von Regional Vaccine Manufacturing Hubs) vor,",1.0,413.0
110,linke,"DIE LINKE fordert, dass die Forschung zur Therapie von Langzeitsymptomen einer Covid-19 Infektion (»Long Covid«) finanziell und bedarfsgerecht gefördert wird.",1.0,411.0
111,linke,Mietrückstände müssen erlassen werden.,1.0,403.0
112,linke,Kinder brauchen einen Rechtsanspruch auf einen Ganztagsplatz in einer Kita.,1.0,504.0
113,linke,"Neue, hybride Lernformen, wie sie während des Coronalockdowns praktiziert wurden, dürfen nicht zu einer neuen sozialen Spaltung führen, weil nicht alle Lernenden zu Hause gleich gute Lernbedingungen zu Hause haben.",1.0,503.0
114,linke,Die Schulreinigung wollen wir flächendeckend wieder in die öffentliche Hand bringen – für saubere Schulen und gute Arbeitsbedingungen.,1.0,413.0
115,linke,"Wir wollen, dass alle, die eine Ausbildung begonnen haben, sie auch beenden können.",1.0,411.0
116,linke,Dafür muss der Bund Mittel und Möglichkeiten bereitstellen.,1.0,411.0
117,linke,"Wir stehen an der Seite von Initiativen und Bewegungen, die für bessere Bedingungen kämpfen: für eine Entfristung und faire Bezahlung von wissenschaftlichem Personal,",1.0,701.0
118,linke,"Aus der Krise lernen heißt auch zu erkennen, dass es einen Personal­aufbaupakt für die Hochschulverwaltung braucht.",1.0,701.0
119,linke,"DIE LINKE fordert einen Hochschul­sozialpakt: Geld für mehr bezahlbare Plätze in Wohnheimen, Mensen und Hilfe für Studierendenwerke, die durch die Coronakrise in eine Schieflage geraten sind.",1.0,504.0
120,linke,Diesen verheerenden Prozess der Naturzerstörung müssen wir stoppen.,1.0,501.0
121,linke,Durch die Verbesserung der epidemiologischen Forschung wollen wir den Ausbruch und die Verbreitung von Tierseuchen schneller erkennen und eingrenzen.,1.0,411.0
122,linke,"Wir fordern dafür ein interdisziplinäres epidemiologisches Zentrum, um zum Beispiel ein Frühwarnsystem für Pandemierisiken zu entwickeln.",1.0,411.0
123,linke,Wir wollen natur- und umweltzerstörende Subventionen abbauen und die frei werdenden Gelder in Naturund Umweltprogramme investieren.,1.0,501.0
124,linke,Starke Schultern tragen mehr: Für die Bewältigung der Coronakrise wollen wir eine Vermögensabgabe erheben.,1.0,503.0
125,linke,"Wir brauchen deshalb eine Steuerreform, die solche Konzerne stärker am Ort ihrer wirtschaftlichen Aktivitäten und der Umsätze besteuert.",1.0,412.0
126,linke,"Zudem müssen außerordentliche Gewinne von Unternehmen wie Amazon, die wegen der Coronakrise erzielt wurden, mit einer Übergewinnsteuer (Excess Profit Tax) abgeschöpft werden, um die Marktmacht der Krisengewinner zu begrenzen.",1.0,403.0
127,linke,"Solange die Schuldenbremse existiert und eine Tilgungsverpflichtung für die Coronakredite des Bundes besteht, muss die Tilgung auf mindestens fünfzig Jahre gestreckt werden.",1.0,409.0
128,linke,Die milliardenschweren Rettungspakete für Unternehmen in der Coronakrise dürfen nicht durch Kürzungen im Sozialbereich aufgefangen werden.,1.0,503.0
129,linke,"Im Gegenteil: Wir treten für einen sozialökologischen Systemwechsel ein, der die Bereiche in Wirtschaft und Beschäftigung stärkt, die klimafreundlich sind und das Leben für alle besser machen: personennahe Dienstleistungen, Bildung, Erziehung, eine Ausweitung des Schienen- und öffentlichen Nahverkehrs.",1.0,416.2
130,linke,Wir fordern einen queeren Rettungsschirm zum Schutz der Strukturen und Einrichtungen der Communities.,1.0,409.0
131,linke,"Im Pandemiefall braucht es in Zukunft etwa Pandemie- und Gesundheitsräte, die bundesweit und kommunal die Zivilgesellschaft in all ihrer Vielfalt in Umsetzung und Konzeption von Infektionsschutzmaßnahmen einbeziehen.",1.0,606.1
132,linke,Gerade in Krisenzeiten: Kein Lockdown für die Demokratie – Bürgerrechte sind systemrelevant!,1.0,202.1
133,linke,"Es darf keine Entmachtung der Parlamente geben, keine (Selbst-)Ermächtigung der Exekutive.",1.0,202.1
134,linke,Vor diesem Hintergrund fordert DIE LINKE u. a. eine Vermögensteuer sowie eine Vermögensabgabe zur Bewältigung der Krisenkosten und zur Finanzierung von dauerhaften Förderprogrammen (vgl. Kapitel »Mit Steuern umsteuern«).,1.0,503.0
135,linke,In diesem Sinne soll für die Dauer der Coronapandemie der Zugang zu einer monatlichen Pauschale in Höhe von mindestens 1.200 Euro – auch rückwirkend ab März 2020 – ermöglicht werden.,1.0,409.0
136,linke,"Wir rufen dazu auf, im kommenden Jahr in allen Staaten weltweit die Militärausgaben um 10 Prozent zu senken.",1.0,105.0
137,linke,"Wir wollen die Krise nicht nur für Deutschland oder Europa überwinden, sondern global.",1.0,107.0
138,linke,Wir fordern eine solidarische Pande­miebekämpfung für alle Menschen statt Impfnationalismus und Bevorteilung des Globalen Nordens!,1.0,107.0
139,linke,Die Entwicklung von Impfstoffen kann nur gemeinschaftlich entstehen und darf nicht von Pharmakonzernen zur Profitmaximierung,1.0,412.0
140,linke,Der Weltgesundheitsorganisation WHO muss eine breite finanzielle Basis zur Verfügung gestellt werden.,1.0,107.0
141,linke,"Wir brauchen Impfstoffe, die überall einsetzbar sind, schnell produziert werden können und hinter denen keine wirtschaftlichen Interessen stehen – dafür ist der weltweite Aufbau einer öffentlichen Impfstoffproduktion nötig (vgl. Kapitel »Die Macht der Pharmaindustrie brechen!«).",1.0,504.0
142,linke,Unser Ziel ist: Recht auf Nahrung und Ernährungssouveränität für alle sowie ein Verbot von Patenten auf Saatgut!,1.0,503.0
143,linke,"Klar ist deshalb: Wir brauchen einen Paradigmenwechsel, weg von Kürzungen, Freihandelsabkommen und Marktradikalismus, hin zu öffentlichen Investitionen, grenzübergreifender Kooperation und Solidarität.",1.0,409.0
144,linke,Angesichts der Herausforderungen durch Corona und Klimakatastrophe muss der EU­-Haushalt durch die Ausgabe europäischer Anleihen ausgeweitet werden.,1.0,108.0
145,linke,Das gilt auch für die Coronahilfen.,1.0,504.0
146,linke,Notwendig sind höhere Löhne und sichere statt prekäre Arbeit.,1.0,701.0
147,fdp,"Nutzen wir die Agilität der Marktwirtschaft, um schnell aus der Krise zu wachsen.",1.0,401.0
148,fdp,"Wir setzen auf die Kraft der Sozialen Marktwirtschaft und wirtschaftliche Prosperität als Gegenmodell zum dirigistischen Staat, der sich im Klein-Klein verzettelt und sich als Erziehungsberechtigter der Bürgerinnen und Bürger aufführt.",1.0,401.0
149,fdp,"Wir Freie Demokraten setzen auf Freiheit, Rechtsstaat und Bürgerrechte, die auch in Krisenzeiten gelten und nicht als „Privilegien“ abgetan werden dürfen, die uns nach Belieben zugeteilt oder vorenthalten werden können.",1.0,202.1
150,fdp,Als Stimme des Fortschritts und der Freiheit wollen wir die Krise gemeinsam mit den Bürgerinnen und Bürgern bewältigen,1.0,202.1
151,fdp,Nun müssen wir trotz Krise schnell wieder auf Wachstumskurs kommen.,1.0,410.0
152,fdp,Für einen zukunftsfähigen Standort und Arbeitsplätze brauchen wir echte Modernisierungsimpulse.,1.0,701.0
153,fdp,"Wir Freie Demokraten fordern, dass eine kurzfristige Liquiditätshilfe direkt vom Finanzamt ausgezahlt werden kann.",1.0,409.0
154,fdp,"Statt Steuervorauszahlungen von den Konten der Unternehmen abzubuchen, überweisen die Finanzämter eine negative Einkommen- beziehungsweise Körperschaftsteuer als Liquiditätssoforthilfe: die „Negative Gewinnsteuer“.",1.0,409.0
155,fdp,In einem zweiten Schritt soll eine deutlich erweiterte Verlustverrechnung mit Gewinnen vergangener oder künftiger Jahre eingeführt werden.,1.0,409.0
156,fdp,So muss Deutschland bei der Digitalisierung aufholen.,1.0,411.0
157,fdp,Wir Freie Demokraten fordern die Rückkehr zu marktwirtschaftlichen Prinzipien.,1.0,401.0
158,fdp,doch der Weg zu immer mehr Nothilfen und Rettungsschirmen für einzelne Unternehmen lässt sich nicht aufrechterhalten.,1.0,414.0
159,fdp,"Wir sind überzeugt, dass anhaltendes Wirtschaftswachstum den Weg aus der Krise in die neue Zeit ebnet.",1.0,410.0
160,fdp,Wir Freie Demokraten wollen daher neue Impulse durch Zukunftsinvestitionen entfachen.,1.0,411.0
161,fdp,"Um auf zukünftige Krisen vorbereitet zu sein, müssen die Corona-Schulden so schnell wie möglich abgebaut werden.",1.0,414.0
162,fdp,"Die Digitalisierung von allgemeinbildenden, beruflichen und sonderpädagogischen Schulen muss ganzheitlich gedacht werden – von der Ausstattung bis zur Nutzung.",1.0,506.0
163,fdp,Die Schule muss digital gestütztes Lernen in Präsenz genauso anbieten wie Lernen auf Distanz.,1.0,506.0
164,fdp,Wir Freie Demokraten wollen durch eine umfassende Föderalismus- und Verwaltungsreform einen modernen und handlungsfähigen Staat schaffen.,1.0,303.0
165,fdp,"Wir wollen deshalb die Kompetenzverteilung zwischen den staatlichen Ebenen neu regeln,",1.0,302.0
166,fdp,Der Staat soll sich auf seine Kernaufgaben konzentrieren und die Stärke des marktwirtschaftlichen Wettbewerbs nutzen.,1.0,401.0
167,fdp,"Für solche Fälle brauchen wir eine negative Gewinnsteuer, bei der Verluste aus dem aktuellen Jahr mit Gewinnen der Vorjahre verrechnet werden können.",1.0,409.0
168,fdp,Wir wollen allen Menschen eine wohnortnahe und qualitativ hochwertige medizinische Versorgung sichern.,1.0,504.0
169,fdp,Zugleich wollen wir die Chancen des medizinischen und digitalen Fortschritts nutzen und das Gesundheitssystem an die demographische Entwicklung und an mögliche zukünftige Pandemien anpassen.,1.0,504.0
170,fdp,Wir Freie Demokraten fordern eine nachhaltige Verbesserung der Investitionsfinanzierung für maximalversorgende und kleinere spezialisierte Krankenhäuser.,1.0,504.0
171,fdp,Höhere Qualität muss durch das Vergütungssystem belohnt werden.,1.0,402.0
172,fdp,Die Strukturreform im stationären Sektor muss verantwortungsvoll weiterentwickelt und Fehlanreize für eine Überversorgung sowie ein Überangebot an Krankenhausleistungen müssen bereinigt werden.,1.0,505.0
173,fdp,Wir Freie Demokraten wollen dem Robert Koch-Institut (RKI) politische Unabhängigkeit garantieren.,1.0,202.1
174,fdp,Die Präsidentin oder der Präsident und ein neu zu schaffender Vorstand sollen in fachlichen Fragen weisungsunabhängig sein.,1.0,202.1
175,fdp,Dazu bedarf es einer klaren rechtlichen Definition.,1.0,202.1
176,fdp,"Das RKI darf keine politikabhängige Behörde sein, sondern ist nach dem Vorbild der Deutschen Bundesbank zu einer unabhängigen Institution umzuwandeln.",1.0,202.1
177,fdp,Wir Freie Demokraten wollen die Versorgung mit Arzneimitteln und Impfstoffen jederzeit gewährleisten.,1.0,504.0
178,fdp,Engpässe in der Versorgung müssen vermieden und bekämpft werden.,1.0,504.0
179,fdp,"Dazu sind Maßnahmen zu ergreifen, die das Ziel haben, die Herstellung von Arzneimitteln nach Deutschland oder die EU zurück zu verlagern.",1.0,406.0
180,fdp,"Im Mittelpunkt stehen dabei der Abbau von Bürokratiepflichten,",1.0,402.0
181,fdp,Wir Freie Demokraten wollen die Digitalisierung im Gesundheitswesen durch klare und transparente Rahmenbedingungen voranbringen.,1.0,504.0
182,fdp,"Wir setzen uns auch für eine starke Kultur- und Kreativwirtschaft als wichtigen Wirtschaftszweig unseres Landes ein, der von der Coronakrise besonders hart getroffen wurde.",1.0,502.0
183,fdp,"Europa muss bereit sein, die großen Herausforderungen unserer Zeit zu bewältigen – die Folgen der Coronapandemie, den Klimawandel, Terrorismus und Migration.",1.0,108.0
184,fdp,"Für uns geht es darum, die EU bei der Bewältigung von Pandemien robuster aufzustellen, Europa als Chancenkontinent zu entwickeln und als Fortschrittsmotor zu mobilisieren.",1.0,108.0
185,fdp,"Wir Freie Demokraten fordern, dass der Stabilitäts- und Wachstumspakt (SWP), der für die Dauer der Pandemie und angesichts der hieraus resultierenden wirtschaftlichen Folgen faktisch ausgesetzt wurde, nach der Krise wieder in vollem Umfang in Kraft gesetzt wird.",1.0,410.0
186,fdp,"Wir wollen, dass dieser Rückgriff auf die Schuldenpolitik einmalig bleibt, wie es die Bundesregierung den Bürgerinnen und Bürgern versprochen hat.",1.0,414.0
187,fdp,Wir Freie Demokraten wollen eine Neuaufstellung der europäischen Kohäsions- und Innovationspolitik.,1.0,108.0
188,fdp,Gemeinsame Maßnahmen zur Überwindung der schwersten Wirtschaftskrise nach dem Zweiten Weltkrieg sind für uns Teil des Friedensprojekts der europäischen Einigung.,1.0,106.0
189,fdp,"Wir wollen, dass Deutschland beim Schutz der Menschenrechte eine Vorreiterrolle einnimmt und Führungsstärke zeigt.",1.0,201.2
190,fdp,Wir wollen deshalb die Position von Frauen in der Krisen- und Konfliktbewältigung stärken.,1.0,503.0
191,fdp,"Die globalen Herausforderungen des 21. Jahrhunderts, wie die aktuelle Covid-19-Pandemie, Klimaveränderungen und Umweltzerstörung, armuts- und kriegsbedingte Fluchtbewegungen, zerfallende Staaten und schlechte Regierungsführung verlangen einerseits ein besser abgestimmtes europäisches und internationales Vorgehen und andererseits eine einheitliche deutsche Positionierung.",1.0,107.0
192,fdp,"Hierzu wollen wir auch die multilaterale Unterstützung für die am wenigsten entwickelten Länder (LDCs) stärken und bis spätestens 2030 0,2 Prozent des Bruttoinlandsprodukts, vorrangig für multilaterale Initiativen, zur Verfügung stellen.",1.0,107.0
193,cdu,"Wir können die großen weltweiten Menschheitsaufgaben nur lösen, wenn wir sie gemeinsam global anpacken.",1.0,107.0
194,cdu,"Um künftigen Pandemien vorzubeugen, werden wir im Rahmen der globalen Gesundheitspolitik die Wechselbeziehungen von Mensch, Tier und Umwelt (One-Health-Ansatz) stärker als bisher beachten.",1.0,504.0
195,cdu,"Wir wollen auch in Zukunft 0,7 Prozent des Bruttonationaleinkommens für öffentliche Entwicklungszusammenarbeit ausgeben.",1.0,107.0
196,cdu,"Damit wollen wir dazu beitragen, die durch die Pandemie ausgelösten Entwicklungsrückschritte in vielen Ländern der Welt rasch wieder umzukehren.",1.0,107.0
197,cdu,Für uns bleibt die enge Zusammenarbeit und die Pflege der Freundschaft mit Polen eine zentrale Aufgabe deutscher Außenpolitik.,1.0,107.0
198,cdu,"Wir wollen die Fiskalregeln des Stabilitäts- und Wachstumspakts und des Fiskalvertrags nach der Corona-Pandemie zügig wieder in Kraft setzen und sie weiterentwickeln, ohne sie aufzuweichen.",1.0,414.0
199,cdu,In der Personalisierten Medizin wollen wir auf den Forschungserfolgen der Corona-Impfforschung aufbauend alle Ressourcen im Kampf gegen Krebs und Alzheimer bündeln,1.0,504.0
200,cdu,Wir wollen gemeinsam mit unseren Europäischen Partnern die Pandemievorsorge und - bereitschaft in der Europäischen Union weiter verbessern.,1.0,504.0
201,cdu,"Deshalb setzen wir uns dafür ein, die Arbeiten an der Gesundheitsunion zügig abzuschließen.",1.0,108.0
202,cdu,"Durch die nachhaltige Stärkung des Europäischen Zentrums für die Prävention und Kontrolle von Krankheiten sowie der Europäischen Arzneimittelagentur, in guter Zusammenarbeit mit unseren nationalen Strukturen, wollen wir einen klaren EU-Mehrwert schaffen.",1.0,108.0
203,cdu,Ein wesentlicher Baustein wird die Sicherstellung der Versorgung mit Impfstoffen und krisenrelevanten Arzneimitteln und Medizinprodukten sein.,1.0,504.0
204,cdu,"Daher werden wir den geplanten Aufbau einer Europäischen Gesundheitskrisenagentur (HERA) konstruktiv begleiten und uns mit unseren Partnern dafür einsetzen, die Abhängigkeit der EU von Drittstaaten zu reduzieren.",1.0,108.0
205,cdu,Gerade nach der Pandemie sind Steuererhöhungen der falsche Weg.,1.0,410.0
206,cdu,"Nun müssen wir diejenigen, die trotzdem ihren Job verloren haben, schnell wieder in Beschäftigung bringen.",1.0,701.0
207,cdu,"Wir haben aber auch gesehen, dass wir mehr tun müssen, damit unser Gesundheitswesen auch nach der Krise weiter zu den besten der Welt zählt.",1.0,504.0
208,cdu,In einem zukunftsfähigen Gesundheitswesen setzen wir deshalb auf stärkere vernetzte Zusammenarbeit der einzelnen Akteure,1.0,504.0
209,cdu,Die mit dem Krankenhauszukunftsgesetz in der Pandemie begonnene Offensive des Bundes für mehr digitale Investitionen in den Krankenhäusern wollen wir weiterführen und verstärken.,1.0,504.0
210,cdu,"Die Corona-Krise hat aber auch allen vor Augen geführt, dass eine nachhaltige Verstärkung des Öffentlichen Gesundheitsdienstes als eine unverzichtbare Säule des Gesundheitswesens dringend geboten ist.",1.0,504.0
211,cdu,Wir werden das Robert-Koch-Institut stärken und zum deutschen Public-Health-Institut ausbauen.,1.0,504.0
212,cdu,Dafür braucht es die notwendigen personellen und finanziellen Ressourcen.,1.0,504.0
213,cdu,"Für besonders versorgungskritische Wirkstoffe werden wir Maßnahmen wie eine staatliche Lagerhaltung oder Notfallkapazitäten schaffen, um eine Produktion auf Abruf zu ermöglichen.",1.0,504.0
214,cdu,"Dafür wollen wir mit unseren Pharma-Unternehmen dafür sorgen, dass kritische Schutzkleidung, medizinische Geräte sowie alle wichtigen Medikamente in mindestens einer Variante in Europa produziert werden.",1.0,108.0
215,cdu,"Wir werden prüfen, welche Maßnahmen in Betracht kommen, damit in Krisenfällen versorgungsrelevante Arzneimittel in ausreichender Menge in der EU zur Verfügung stehen, zum Beispiel durch eine entsprechende Änderung des europäischen Vergaberechts.",1.0,504.0
216,cdu,Diese zügige Bearbeitung entsprechender Anträge wollen wir auch für die Zeit nach der Pandemie erhalten und werden daher das Paul-Ehrlich-Institut und das Bundesinstitut für Arzneimittel und Medizinprodukte finanziell und personell verstärken.,1.0,303.0
217,cdu,"Daher wollen wir sie nachhaltig stärken, finanziell, technisch und politisch.",1.0,107.0
218,cdu,Deutschland wird die Initiative zu einem internationalen Pandemievertrag zur Stärkung der globalen Gesundheitssicherheit weiter aktiv unterstützen.,1.0,107.0
219,cdu,"und dazu beitragen, dass sie wettbewerbsfähig bleiben.",1.0,403.0
220,cdu,Gleichzeitig wollen wir so schnell wie möglich ohne neue Schulden auskommen.,1.0,414.0
221,cdu,Wir bekennen uns zur grundgesetzlichen Schuldenbremse.,1.0,414.0
222,cdu,Wir werden mit Ende der Corona-Pandemie einen Kassensturz für die öffentlichen Haushalte einschließlich der Sozialversicherungen vollziehen.,1.0,414.0
223,cdu,Wir wollen die Wirtschaft nach der Pandemie wieder in Schwung bringen.,1.0,410.0
224,cdu,"Auf diesem Weg wäre es falsch, Steuern zu erhöhen.",1.0,410.0
225,cdu,"Das beginnt damit, dass wir in Sachen digitaler Bildung dringend anpacken und unsere Schulen modernisieren.",1.0,506.0
226,cdu,"Wir werden die Einrichtungen der frühen Bildung zu qualitativ hochwertigen Bildungsorten weiterentwickeln und so einen zentralen Beitrag leisten, um Herkunft und Bildungserfolg zu entkoppeln.",1.0,506.0
227,cdu,"Vor allem die Lernschwächeren brauchen Aufmerksamkeit, damit sie Rückstände aufholen und ihre Lernmotivation zurückgewinnen können.",1.0,506.0
228,cdu,"Damit niemand zurückbleibt, haben wir ein Unterstützungsprogramm für die Jahre 2021 und 2022 in Höhe von einer Milliarde Euro aufgelegt.",1.0,506.0
229,cdu,"Gemeinsam mit den Ländern und den Hochschulen rufen wir Lehramtsstudierende, Seniorlehrkräfte, Anbieter von Nachhilfeleistungen und Volkshochschulkräfte auf, schulbegleitend sowie während der Ferien die Kinder und Jugendlichen zielgenau beim Aufholen zu unterstützen.",1.0,506.0
230,cdu,"Mit einer weiteren Milliarde Euro helfen wir Kindern und Jugendlichen, die sozialen und psychischen Folgen der Corona-Pandemie zu bewältigen.",1.0,504.0
231,cdu,Jetzt werden wir noch einmal nachlegen und die Bemessungsgrundlage auf 8 Millionen Euro pro Unternehmen erneut verdoppeln - für Innovationskraft x 4.,1.0,411.0
232,cdu,"Deshalb wollen wir die gewonnenen Erkenntnisse nutzen, um Aufgaben und Strukturen im Bevölkerungsschutz zu modernisieren und weiterzuentwickeln.",1.0,303.0
233,cdu,Wir bekennen uns zu den Vereinbarungen des Bonn/Berlin-Gesetzes.,1.0,301.0
234,cdu,"Deshalb wollen wir das Bundesamt für Bevölkerungsschutz und Katastrophenhilfe und das Robert-Koch-Institut in ihrer Zusammenarbeit sowie in ihrer jeweiligen Koordinierungsfunktion rechtlich, personell und technisch stärken.",1.0,411.0
235,cdu,Als Lehre aus der Corona-Pandemie wollen wir eine neue Nationale Reserve Gesundheitsschutz für wichtige medizinische Versorgungsgüter - wie etwa persönliche Schutzausrüstung - schaffen und diese rechtlich sowie finanziell langfristig absichern.,1.0,504.0
236,cdu,"Für biologische und pandemische Lagen - genauso wie für andere Großschadensfälle - setzen wir auf regelmäßige Übungen, um eine bessere Koordinierung zwischen Gesundheits- und Sicherheitskräften von Bund, Ländern und Kommunen zu erreichen.",1.0,104.0
237,cdu,Genug Wohnraum in einem intakten Umfeld ist ein Ziel von CDU und CSU.,1.0,201.2
238,cdu,"Wir wollen unsere Innenstädte, Stadtteilzentren und Ortskerne erhalten.",1.0,301.0
239,cdu,Sie müssen nach der Corona-Krise neugestaltet und in ihrer Funktion als Orte der Begegnung und Vielfalt gestärkt werden.,1.0,606.1
240,cdu,"Als wichtigen Teil des Pakts werden wir zusätzlich zu den bestehenden Städtebauprogrammen ein Förderprogramm „Attraktive Innenstadt“ auflegen, von dem auch kleinere Städte und Gemeinden profitieren.",1.0,411.0
241,cdu,"Wir setzen alles daran, dass bis zur Pandemie erreichte hohe jährliche Wachstum der Kultur- und Kreativwirtschaft und deren beeindruckende wirtschaftliche Dynamik wiederzugewinnen.",1.0,410.0
242,cdu,"Um die Folgen der Pandemie zu mildern, wird das Programm „Neustart Kultur“ für alle Akteure und Sparten fortgesetzt.",1.0,409.0
243,cdu,Deshalb werden wir sie bei der Bindung und Neugewinnung von Mitgliedern unterstützen.,1.0,502.0
244,cdu,Neben seiner wissenschaftlichen Arbeit muss es in Zukunft noch viel stärker bei der Bekämpfung von epidemischen Gesundheitsgefahren tätig sein,1.0,504.0
245,spd,"In der Corona-Krise wird einmal mehr überaus deutlich, dass Gewinnmaximierung und Kostenminimierung nicht das Maß aller Dinge sein dürfen.",1.0,416.2
246,spd,"Die Kassierer*innen im Supermarkt, die Busfahrer*innen, Reinigungskräfte, Pflegekräfte und Erzieher*innen verdienen mehr Anerkennung – die sich auch in guten Einkommen und Arbeitsbedingungen niederschlägt.",1.0,701.0
247,spd,"Wir bemühen uns, die wirtschaftlichen und sozialen Folgen der Krise bestmöglich durch verschiedene Maßnahmen abzumildern, etwa durch ein tragfähiges Kurzarbeitergeld.",1.0,504.0
248,spd,Auf dieser Basis wollen wir neues Vertrauen in Europa aufbauen und eine wirtschaftliche und politische Spaltung der EU verhindern.,1.0,108.0
249,spd,"Ihnen setzen wir das Konzept für einen Sozialstaat entgegen, der es allen ermöglicht, den Wandel zu meistern und kommenden Krisen zu trotzen.",1.0,504.0
250,spd,"Denen, die gegen die Krise ansparen wollen und alle Lebensbereiche den Gesetzen des Marktes unterwerfen wollen, setzen wir zentrale Zukunftsmissionen mit konkreten Investitionsschwerpunkten entgegen.",1.0,305.1
251,spd,Der Gesundheitssektor braucht wieder mehr politische Aufmerksamkeit und Reformen.,1.0,504.0
252,spd,"Deutschland muss wieder seine Innovationskraft einsetzen, um neue Therapieoptionen zu finden.",1.0,504.0
253,spd,"Wir wollen ein System, das in Krisensituationen die Produktion, Bereithaltung und Verteilung von notwendiger Arznei und Medizinprodukten sicherstellt.",1.0,504.0
254,spd,"Wir sehen es als unsere Pflicht dafür zu sorgen, dass die Medikamente, die hier entwickelt werden, in ärmeren Ländern nicht überteuert und knapp sind.",1.0,107.0
255,spd,Eines unserer Ziele ist die Förderung der Forschung zur personalisierten Medizin.,1.0,504.0
256,spd,Diese muss zu erschwinglichen Preisen für alle zugänglich sein.,1.0,503.0
257,spd,"eine bessere Ausstattung, auch mit Blick auf die digitale Infrastruktur – Hardware ebenso wie Software,",1.0,504.0
258,spd,"Dann kann auch dessen sozialpolitisch wichtigste Aufgabe, die wirtschaftlich Schwächeren in Gesundheitsfragen zu unterstützen, besser gemeistert werden.",1.0,503.0
259,spd,Wir wollen die Potenziale der Digitalisierung für die Verbesserung von Diagnosen und für die flächendeckende gesundheitliche Versorgung entschlossener nutzen.,1.0,504.0
260,spd,"Ein nötiger Schritt ist, den besonders hoch verschuldeten Kommunen einmalig hohe Altschulden abzunehmen.",1.0,301.0
261,spd,"Solidarität werden wir weiterhin den Wirtschaftsbereichen zukommen lassen, die in der Corona- Pandemie zugunsten der Gesundheit aller besondere Einbußen hinnehmen mussten.",1.0,402.0
262,spd,"Das gilt für die Kulturwirtschaft, ebenso für die Tourismuswirtschaft, inklusive des Hotel- und Gaststätten- wesens, die nach der Pandemie andere sein werden als zuvor.",1.0,402.0
263,spd,Eine Politik der Austerität nach der Krise wäre ein völlig falscher Weg.,1.0,409.0
264,spd,Die finanziellen Lasten der Krisenbewältigung dürfen für die ohnehin stark strapazierte große Mehrheit der Bürger*innen nicht zu einer steuerlichen Mehrbelastung führen.,1.0,503.0
265,spd,Im Gegenteil: Wir wollen die Steuern für die Mehrheit senken.,1.0,503.0
266,spd,"Wir werden eine Einkommensteuerreform vornehmen, die kleine und mittlere Einkommen besserstellt, die Kaufkraft stärkt und dafür im Gegenzug die oberen fünf Prozent stärker für die Finanzierung der wichtigen öffentlichen Aufgaben heranzieht.",1.0,503.0
267,spd,"Für diejenigen, die besonders viel verdienen, halten wir zudem an dem Aufschlag von drei Prozentpunkten zur Einkommensteuer fest.",1.0,503.0
268,spd,"Unser Ziel ist, alle Beschäftigungsverhältnisse in die soziale Sicherung einzubeziehen.",1.0,504.0
269,spd,"Um die Nettoeinkommen von gering Verdienenden zu erhöhen, heben wir die Gleitzone der Midi-Jobs auf 1.600 Euro an.",1.0,701.0
270,spd,"In dieser Zone zahlen die Arbeitnehmer*innen geringere Beiträge, ohne dass sie dadurch einen geringeren Rentenanspruch haben.",1.0,701.0
271,spd,Wir wollen die Lohn- und Arbeitsbedingungen in der Altenpflege und Pflege von Menschen mit Behinderung schnell verbessern.,1.0,701.0
272,spd,Unsere Ziele sind allgemeinverbindliche Branchentarifverträge.,1.0,701.0
273,spd,Wie werden über die Pflegemindestlohnkommission eine weitere Erhöhung der Mindestlöhne verfolgen.,1.0,412.0
274,spd,"Gemeinsam mit den Kirchen wollen wir einen Weg erarbeiten, ihr Arbeitsrecht dem allgemeinen Arbeits- und Tarifrecht sowie der Betriebsverfassung anzugleichen.",1.0,701.0
275,spd,Nun werden wir im Umkehrschluss die Refinanzierung der Pflegeleistungen an die Geltung von Tarifverträgen binden.,1.0,701.0
276,spd,"Soziale Arbeit aufwerten heißt für uns auch, dass die Arbeits- und Stressbelastung gesenkt werden muss.",1.0,701.0
277,spd,"Wir werden deshalb den Vorschlag eines neuen, bundesweiten und einheitlichen Personalbemes- sungsrahmens voranbringen.",1.0,302.0
278,spd,Pfleger*innen müssen sich beruflich weiterentwickeln können.,1.0,701.0
279,spd,und unfaire Wettbewerbsvorteile von Digitalkonzernen auch in diesem Bereich beseitigen.,1.0,403.0
280,spd,Wir werden einen Rechtsanspruch auf mobile Arbeit einführen.,1.0,701.0
281,spd,"Grundsätzlich sollen Beschäftigte bei einer Fünf-Tage-Woche mindestens 24 Tage im Jahr mobil oder im Homeoffice arbeiten können, wenn es die Tätigkeit erlaubt.",1.0,701.0
282,spd,"Wir werden darum Solo-Selbständige, darunter sind beispielsweise viele Künstler*innen, Autor*innen, Maler*innen, Übersetzer*innen, Entwickler*innen, besser absichern.",1.0,504.0
283,spd,"Dafür werden wir die Absicherung in der Künstlersozialversicherung ebenso wie in der Renten-, Kranken- und Arbeitslosenversicherung verbessern.",1.0,504.0
284,spd,"Die guten Erfahrungen aus diesen vorübergehenden Maßnahmen haben uns darin bestätigt, dafür zu sorgen, dass auch in Zukunft Vermögen und Wohnungsgröße innerhalb der ersten zwei Jahre nicht überprüft werden",1.0,504.0
285,spd,Wir werden ihr auf den verschiedenen Ebenen entgegenwirken.,1.0,606.1
286,spd,Die gemeinsam mit den Ländern getragene Städtebauförderung sichern wir ab.,1.0,404.0
287,spd,"Wir unterstützen die Städte dabei, die Innenstädte lebendig zu halten und notwendige Nutzungsänderungen mitgestalten zu können, unter anderem durch eine Miet- preisbegrenzung, einen Mieterschutz im Gewerbeimmobilienbereich, durch Konzepte zur Revitalisierung von Standorten und die Förderung von Co-Working-Spaces in den Innenstädten.",1.0,301.0
288,spd,"Wir treten dafür an, dass Familien mehr Zeit füreinander haben,",1.0,603.0
289,spd,"Die dritte Säule ist die dauerhafte Ausweitung der pandemiebedingt erhöhten Kinderkrankentage auf 20 Tage pro Kind, Jahr und Elternteil (als „Elterngeld akut“) - bei mehr als zwei Kindern maximal 45 Tage pro Elternteil und 90 Tage für Alleinerziehende.",1.0,504.0
290,spd,Aus diesem Grund starten wir die Bundesinitiative Chancengleichheit in der Bildung.,1.0,506.0
291,spd,Wir wollen ein Jahrzehnt der Gleichstellung.,1.0,503.0
292,spd,"Sie ist eine Querschnittsaufgabe, die alle Bereiche durch- ziehen muss: Familienpolitik, Arbeitsmarktpolitik, Sozialpolitik, Bildungs- und Rechtspolitik – aber auch Haushalts- und Finanzpolitik.",1.0,503.0
293,spd,"Bund, Bundesländer und Kommunen sind gleichermaßen aufgefordert, die Basis des Sports bei der Überwindung der pandemiebedingten Probleme in besonderer Weise zu unterstützen.",1.0,502.0
294,spd,"Wir setzen uns daher für eine stärkere Vernetzung und Zusammenarbeit zwischen den Akteuren ein, insbesondere aus den Bereichen Medien, Kultur und Bildung.",1.0,502.0
295,spd,"Wir werden aus der Krise gestärkt hervorgehen, wenn wir in Europa solidarisch zusammenhalten und die EU für die großen Zukunftsaufgaben robuster und handlungsfähiger machen.",1.0,108.0
296,spd,Statt einer Rückkehr zur Kürzungspolitik der Vergangenheit bleiben wir bei der in der Corona-Krise begonnenen gemeinsamen Investitionspolitik Europas.,1.0,108.0
297,spd,"Eine krisenfeste EU muss fiskalpolitisch handlungsfähig sein und sich zu einer echten Fiskal-, Wirtschafts- und Sozialunion weiterentwickeln.",1.0,108.0
298,spd,"Wir werden eine souveräne Europäische Gesundheitsunion mit einer starken und widerstandsfähigen Gesundheitswirtschaft in Europa schaffen,",1.0,108.0
299,spd,"Um auf grenzüberschreitende Gesundheitsgefahren in Zukunft besser reagieren zu können, brauchen wir krisenfeste europäische Gesundheitsbehörden, die mit weitreichenden Kompetenzen und Ressourcen ausgestattet werden.",1.0,108.0
300,spd,"Es ist im deutschen und europäischen Interesse, wenn wir mit Russland in Fragen der gemeinsamen Sicherheit, Abrüstung und Rüstungskontrolle wie auch bei Klima, Nachhaltigkeit, Energie und der Bekämpfung von Pandemien gemeinsame Fortschritte erreichen.",1.0,107.0
301,spd,"Wir werden multilaterales Handeln wiederbeleben und stärken, auch in Partnerschaft mit der Zivilgesellschaft und Nichtregierungsorganisationen, denn Pandemien, globale Wirtschaft-, Finanz- und Entwicklungskrisen sowie die Folgen der Erderwärmung sind Herausforderung, die nur gemeinsam gelöst werden können.",1.0,107.0
302,spd,Diese Pandemie kann nur durch internationale Solidarität überwunden werden.,1.0,107.0
303,spd,Wir setzen uns daher für die finanzielle und substanzielle Förderung der globalen Corona-Impfkampagne der Weltgesundheitsorganisation (COVAX) ein.,1.0,107.0
304,spd,"Unsere Schwerpunkte liegen auf dem Aus- und Aufbau öffentlicher Gesundheitssysteme, der Verbesserung des Zugangs zu Arzneimitteln und Impfstoffen, mehr Transparenz",1.0,504.0
305,spd,"Wir arbeiten auch daran, dass die Weltgesundheitsorganisation WHO durch einen mutigen Reformprozess gestärkt wird.",1.0,107.0
306,spd,Als reiches Industrieland werden wir unser Engagement für humanitäre Hilfe weiterhin an den steigenden humanitären Bedarfen orientieren,1.0,107.0
307,spd,"Wir unterstützen eine Initiative für ein globales Staateninsolvenzverfahren, das staatliche und vor allem private Gläubiger miteinbezieht und das Schuldenerlasse für besonders gefährdete Ländergruppen formuliert und umsetzt.",1.0,107.0
308,afd,"Deshalb halten wir die unmittelbare Demokratie für ein unverzichtbares Mittel, um dem autoritären und teilweise totalitären Gebaren der Regierungspolitiker Einhalt zu gebieten.",1.0,202.4
309,afd,"Diese Transferunion steht nicht nur im Widerspruch zu den europäischen Verträgen und den Versprechen der deutschen Politiker,",1.0,110.0
310,afd,Wir wollen die Wirtschaft von politisch herbeigeführten Belastungen komplett befreien.,1.0,401.0
311,afd,"Davon unbenommen setzen wir uns auf nationaler Ebene für eine Entschädigung der Wirtschaftssektoren ein, die von den Corona-Maßnahmen besonders betroffen sind.",1.0,402.0
312,afd,"Wenn Kredite zur Abmilderung der Folgen von überzogenen Corona- Maßnahmen der Regierung aufgenommen werden, dann darf dies ausschließlich auf nationaler Ebene geschehen.",1.0,110.0
313,afd,"Die AfD fordert, die Corona-bedingten Ausgabenprogramme und die dazugehörige Verschuldung auf das notwendige Maß zu beschränken.",1.0,414.0
314,afd,"Die Bundesregierung darf keinen EU-Corona-Programmen zustimmen, für die Deutschland nur mithaftet, aus denen es wenig Leistung erhält, aber durch die drohende Inflation zusätzliche Schäden erleiden wird.",1.0,110.0
315,afd,Der Schwerpunkt freiwilliger Hygienemaßnahmen und Schutzbestimmungen muss auf gefährdeten Bevölkerungsgruppen liegen.,1.0,201.1
316,afd,"Das Tragen von Masken in Kindertagesstätten, Horten und Schulen lehnen wir ab.",1.0,201.1
317,afd,Die unverhältnismäßigen Lockdown-Maßnahmen sind unverzüglich zu beenden.,1.0,401.0
318,afd,Die Pflicht zum Tragen einer Maske lehnen wir ab.,1.0,201.1
319,afd,"Eine verpflichtende Impfung (direkt und indirekt), Immunitätsausweise, sowie Tracking Apps oder sonstige Überwachungsmaßnahmen lehnen wir ab.",1.0,201.1
320,afd,"Ein Schnelltest- oder PCR-Test, der laut Entwickler und WHO allein nicht zum Infektionsnachweis geeignet ist und dessen Falschpositiv-Rate zu künstlich überhöhten Inzidenzwerten führt, darf nicht länger die Grundlage für Freiheitsbeschränkungen durch staatlich verordnete Lockdowns, Zugangsbeschränkungen und Quarantäne sein.",1.0,201.1
321,afd,Die AfD verteidigt das Grundrecht auf körperliche Unversehrtheit,1.0,201.2
322,afd,"Wir setzen uns dafür ein, dass im Rahmen eines Corona-Untersuchungsausschusses die gesamte Corona-Politik der Bundesregierung, die Ausrufung der Epidemie von nationaler Tragweite, der nicht im Grundgesetz verankerte Corona-Gipfel, der Einsatz und die Aussagekraft des PCR-Tests, die beliebig festgesetzten Grenzwerte, die Informationspolitik, fehlender wissenschaftlicher Diskurs, die Verhältnismäßigkeit der Maßnahmen, die Einschränkung der Grundrechte, verpflichtende Tests und Quarantäne sowie die körperlichen, psychischen und psychosozialen Schäden durch die Maßnahmen, die Maskenpflicht ohne Gesundheitsprüfung und die per Notfallzulassung eingesetzten Impfstoffe genauestens untersucht werden.",1.0,202.1
323,afd,"Wir setzen uns zudem dafür ein, dass die WHO die begrifflichen Voraussetzungen für das Vorliegen einer Pandemie wieder um den bis 2009 gültigen Zusatz „eine enorme Anzahl von Todes- und Krankheitsfällen“ erweitert.",1.0,505.0
